month,product_id,earned_premium,loss_ratio,combined_ratio,retention_rate,claims_satisfaction,kpi_quality_score
2025-01-01,PRD001,1896467,62.0,84.0,85.0,91.4,94.4
2025-02-01,PRD001,1851389,64.3,86.3,82.8,92.6,92.2
2025-03-01,PRD001,2051224,67.0,89.0,85.3,93.4,92.3
2025-04-01,PRD001,2059928,63.2,85.2,84.7,88.9,92.3
2025-05-01,PRD001,2046848,69.2,91.2,83.8,92.6,96.6
2025-06-01,PRD001,1926035,66.4,88.4,84.6,92.6,92.5
2025-07-01,PRD001,1923085,67.1,89.1,83.7,91.5,92.8
2025-08-01,PRD001,1881326,57.4,79.4,83.3,90.5,90.3
2025-09-01,PRD001,1851566,59.8,81.8,83.6,90.6,97.2
2025-10-01,PRD001,1886321,65.8,87.8,84.9,92.7,93.6
2025-11-01,PRD001,2059494,65.1,87.1,83.8,90.7,93.5
2025-12-01,PRD001,1940433,65.5,87.5,84.8,91.7,92.5
2025-01-01,PRD002,1668090,74.3,96.3,80.4,86.5,85.1
2025-02-01,PRD002,1693800,75.6,97.6,80.1,90.0,90.3
2025-03-01,PRD002,1784700,72.7,94.7,80.6,88.3,88.6
2025-04-01,PRD002,1710064,75.4,97.4,80.9,87.0,85.9
2025-05-01,PRD002,1801203,76.2,98.2,82.9,89.2,85.1
2025-06-01,PRD002,1752598,69.6,91.6,79.5,88.1,88.4
2025-07-01,PRD002,1758005,73.7,95.7,82.4,89.9,86.5
2025-08-01,PRD002,1723943,70.4,92.4,81.8,87.5,88.0
2025-09-01,PRD002,1801043,75.6,97.6,81.4,89.9,88.3
2025-10-01,PRD002,1841196,68.9,90.9,82.4,87.7,88.5
2025-11-01,PRD002,1737386,74.6,96.6,81.2,90.0,90.1
2025-12-01,PRD002,1721431,72.7,94.7,81.7,87.1,83.9
2025-01-01,PRD003,3176417,66.7,88.7,89.9,91.8,87.7
2025-02-01,PRD003,3332696,71.7,93.7,87.5,91.0,89.3
2025-03-01,PRD003,3096906,63.6,85.6,90.2,92.6,85.9
2025-04-01,PRD003,3479349,67.5,89.5,89.3,92.9,89.9
2025-05-01,PRD003,3490629,70.2,92.2,90.1,94.7,90.2
2025-06-01,PRD003,3480786,66.8,88.8,89.0,93.6,85.9
2025-07-01,PRD003,3222787,64.6,86.6,87.3,92.5,88.7
2025-08-01,PRD003,3260223,69.6,91.6,89.2,91.0,92.5
2025-09-01,PRD003,3199744,70.6,92.6,89.7,92.5,91.2
2025-10-01,PRD003,3385736,69.1,91.1,88.3,93.1,90.9
2025-11-01,PRD003,3264038,68.6,90.6,88.6,93.8,87.1
2025-12-01,PRD003,3473733,69.1,91.1,86.9,92.1,88.4
2025-01-01,PRD004,785282,62.9,84.9,79.4,90.1,89.8
2025-02-01,PRD004,737686,65.7,87.7,79.2,88.1,85.6
2025-03-01,PRD004,803753,68.8,90.8,78.0,91.2,89.0
2025-04-01,PRD004,825750,67.8,89.8,79.9,92.6,90.1
2025-05-01,PRD004,778914,67.9,89.9,79.8,88.7,92.1
2025-06-01,PRD004,775200,70.7,92.7,78.1,90.7,87.9
2025-07-01,PRD004,771093,60.0,82.0,78.6,88.0,93.2
2025-08-01,PRD004,811945,66.4,88.4,78.2,89.5,89.2
2025-09-01,PRD004,817006,63.5,85.5,78.8,90.3,92.9
2025-10-01,PRD004,868269,63.7,85.7,78.6,87.2,89.4
2025-11-01,PRD004,836982,60.0,82.0,80.7,90.7,91.6
2025-12-01,PRD004,844460,65.1,87.1,79.4,88.7,91.3
2025-01-01,PRD005,2170230,67.6,89.6,83.7,87.6,87.3
2025-02-01,PRD005,2144848,70.9,92.9,82.5,85.1,81.7
2025-03-01,PRD005,2245123,71.5,93.5,82.0,85.9,84.7
2025-04-01,PRD005,2310176,73.1,95.1,84.7,83.7,80.7
2025-05-01,PRD005,2184336,70.2,92.2,83.6,84.1,82.9
2025-06-01,PRD005,2217893,69.5,91.5,81.6,87.9,82.2
2025-07-01,PRD005,2214142,69.2,91.2,84.2,86.6,88.4
2025-08-01,PRD005,2157889,64.1,86.1,82.9,86.7,82.5
2025-09-01,PRD005,2227216,64.9,86.9,82.9,88.4,85.8
2025-10-01,PRD005,2245849,68.9,90.9,84.2,87.6,80.9
2025-11-01,PRD005,2262902,72.8,94.8,82.7,82.8,85.1
2025-12-01,PRD005,2361793,73.1,95.1,82.9,84.2,85.3
2025-01-01,PRD006,1216545,83.9,105.9,88.8,83.6,84.0
2025-02-01,PRD006,1169623,86.7,108.7,88.7,83.0,80.2
2025-03-01,PRD006,1116471,79.6,101.6,90.3,86.1,83.1
2025-04-01,PRD006,1198451,81.5,103.5,87.8,85.4,79.2
2025-05-01,PRD006,1190666,83.7,105.7,89.1,84.7,80.7
2025-06-01,PRD006,1251729,83.9,105.9,89.4,85.1,83.1
2025-07-01,PRD006,1139161,83.2,105.2,88.4,84.8,86.2
2025-08-01,PRD006,1166619,83.5,105.5,87.3,88.9,86.8
2025-09-01,PRD006,1181316,80.9,102.9,90.0,86.4,83.7
2025-10-01,PRD006,1272992,77.6,99.6,87.2,86.6,86.2
2025-11-01,PRD006,1257271,84.3,106.3,88.1,83.3,81.4
2025-12-01,PRD006,1169861,83.7,105.7,90.1,80.8,80.0
2025-01-01,PRD007,1482693,72.9,94.9,86.1,92.0,81.9
2025-02-01,PRD007,1512060,68.6,90.6,86.8,96.2,86.8
2025-03-01,PRD007,1530824,76.4,98.4,87.3,89.9,82.2
2025-04-01,PRD007,1591926,71.2,93.2,87.2,91.9,82.7
2025-05-01,PRD007,1547130,74.4,96.4,86.7,90.8,86.5
2025-06-01,PRD007,1571929,74.1,96.1,86.4,91.0,81.9
2025-07-01,PRD007,1579292,72.8,94.8,87.6,91.7,89.0
2025-08-01,PRD007,1545591,74.4,96.4,87.1,88.5,84.3
2025-09-01,PRD007,1589652,68.6,90.6,87.1,93.1,82.9
2025-10-01,PRD007,1645859,70.5,92.5,87.1,89.5,86.1
2025-11-01,PRD007,1656544,72.5,94.5,86.4,95.1,88.4
2025-12-01,PRD007,1684384,70.0,92.0,84.3,89.8,86.2
2025-01-01,PRD008,2288989,71.7,93.7,80.2,95.0,73.2
2025-02-01,PRD008,2524097,74.0,96.0,80.2,92.5,75.4
2025-03-01,PRD008,2547350,71.5,93.5,80.0,92.4,74.1
2025-04-01,PRD008,2406047,72.3,94.3,80.2,93.0,75.5
2025-05-01,PRD008,2529156,75.9,97.9,79.0,94.6,73.9
2025-06-01,PRD008,2678146,72.7,94.7,80.2,91.9,76.1
2025-07-01,PRD008,2550622,69.5,91.5,81.0,93.1,74.7
2025-08-01,PRD008,2468633,71.3,93.3,79.8,91.3,77.1
2025-09-01,PRD008,2565859,67.8,89.8,77.5,94.4,72.6
2025-10-01,PRD008,2782486,70.1,92.1,80.0,93.2,77.2
2025-11-01,PRD008,2536892,72.9,94.9,78.1,92.3,76.9
2025-12-01,PRD008,2765066,71.3,93.3,78.0,91.8,76.1
2025-01-01,PRD009,1932662,63.4,85.4,92.1,89.3,76.6
2025-02-01,PRD009,1873118,64.0,86.0,91.0,93.8,80.9
2025-03-01,PRD009,1881824,63.8,85.8,90.4,95.0,78.0
2025-04-01,PRD009,1998309,67.4,89.4,89.4,91.0,80.0
2025-05-01,PRD009,2007166,65.0,87.0,89.5,92.3,74.9
2025-06-01,PRD009,2124110,63.5,85.5,91.1,90.8,79.6
2025-07-01,PRD009,2099668,63.6,85.6,89.7,93.7,79.0
2025-08-01,PRD009,2038055,66.6,88.6,90.4,91.9,72.7
2025-09-01,PRD009,2073670,66.5,88.5,92.2,91.1,78.9
2025-10-01,PRD009,2138033,61.8,83.8,88.7,93.8,76.7
2025-11-01,PRD009,2177617,67.9,89.9,90.8,94.0,72.7
2025-12-01,PRD009,2108843,64.3,86.3,91.0,94.4,79.1
2025-01-01,PRD010,714984,57.6,79.6,82.4,87.8,85.6
2025-02-01,PRD010,710062,52.2,74.2,83.2,89.9,85.3
2025-03-01,PRD010,706223,62.1,84.1,84.3,90.8,83.7
2025-04-01,PRD010,738502,57.6,79.6,81.6,90.2,79.3
2025-05-01,PRD010,749411,53.7,75.7,79.6,89.6,82.1
2025-06-01,PRD010,718556,56.5,78.5,81.5,88.9,75.8
2025-07-01,PRD010,673830,52.7,74.7,83.5,88.4,81.6
2025-08-01,PRD010,726149,56.5,78.5,81.3,90.1,84.4
2025-09-01,PRD010,742963,50.6,72.6,83.0,86.7,80.0
2025-10-01,PRD010,765853,53.3,75.3,81.0,90.0,80.9
2025-11-01,PRD010,678261,54.9,76.9,81.8,88.0,85.0
2025-12-01,PRD010,754692,57.0,79.0,82.7,89.9,80.4
2025-01-01,PRD011,984360,64.7,86.7,80.8,92.8,74.9
2025-02-01,PRD011,956021,64.7,86.7,77.8,90.6,73.0
2025-03-01,PRD011,1021218,67.8,89.8,80.9,92.7,76.0
2025-04-01,PRD011,944397,67.4,89.4,80.4,92.3,78.6
2025-05-01,PRD011,992553,66.1,88.1,79.7,90.6,74.9
2025-06-01,PRD011,987897,62.7,84.7,80.0,95.3,72.7
2025-07-01,PRD011,1016747,62.6,84.6,80.5,88.5,76.1
2025-08-01,PRD011,950547,64.0,86.0,81.7,90.9,76.6
2025-09-01,PRD011,1047885,60.9,82.9,82.4,92.8,78.7
2025-10-01,PRD011,958676,61.3,83.3,80.0,92.8,76.1
2025-11-01,PRD011,961091,62.3,84.3,81.4,90.3,71.4
2025-12-01,PRD011,960696,68.1,90.1,81.5,93.1,80.2
2025-01-01,PRD012,1754925,74.5,96.5,85.7,88.8,82.8
2025-02-01,PRD012,1846996,70.3,92.3,84.6,86.6,83.3
2025-03-01,PRD012,1971185,76.2,98.2,84.7,87.1,80.9
2025-04-01,PRD012,1883479,73.9,95.9,88.0,86.9,81.3
2025-05-01,PRD012,1901946,73.9,95.9,84.8,86.2,82.1
2025-06-01,PRD012,1906345,72.8,94.8,86.9,88.9,80.5
2025-07-01,PRD012,2009761,70.5,92.5,85.5,85.5,78.7
2025-08-01,PRD012,2026422,70.0,92.0,85.9,88.7,83.8
2025-09-01,PRD012,1809587,66.7,88.7,86.3,87.7,76.6
2025-10-01,PRD012,2046240,74.2,96.2,87.6,87.8,80.8
2025-11-01,PRD012,1895007,66.1,88.1,86.8,86.5,80.3
2025-12-01,PRD012,1966640,68.3,90.3,86.9,84.5,79.6
2025-01-01,PRD013,2405110,80.9,104.9,84.9,87.3,81.7
2025-02-01,PRD013,2379093,83.6,107.6,84.4,84.9,82.2
2025-03-01,PRD013,2574021,81.7,105.7,83.2,85.4,80.8
2025-04-01,PRD013,2581890,78.7,102.7,84.0,89.5,83.8
2025-05-01,PRD013,2548683,83.6,107.6,87.2,87.2,87.4
2025-06-01,PRD013,2530225,83.5,107.5,86.7,87.9,84.6
2025-07-01,PRD013,2422563,79.0,103.0,83.7,88.7,85.1
2025-08-01,PRD013,2701352,81.2,105.2,85.5,87.2,83.2
2025-09-01,PRD013,2472341,81.2,105.2,84.4,88.4,82.3
2025-10-01,PRD013,2464028,74.8,98.8,84.8,90.0,84.0
2025-11-01,PRD013,2565806,81.1,105.1,84.6,87.0,84.0
2025-12-01,PRD013,2660818,80.0,104.0,84.0,91.2,81.2
2025-01-01,PRD014,2013357,69.8,93.8,84.3,89.1,83.6
2025-02-01,PRD014,2022775,74.6,98.6,86.2,89.4,86.3
2025-03-01,PRD014,2141955,69.5,93.5,84.3,88.9,82.1
2025-04-01,PRD014,2125278,73.2,97.2,82.5,90.2,84.1
2025-05-01,PRD014,2202338,73.5,97.5,82.5,90.9,82.1
2025-06-01,PRD014,2052590,78.5,102.5,83.6,91.6,83.9
2025-07-01,PRD014,2267840,74.7,98.7,84.1,88.6,85.1
2025-08-01,PRD014,2340621,72.3,96.3,84.6,90.9,82.0
2025-09-01,PRD014,2104260,73.1,97.1,83.4,89.9,84.1
2025-10-01,PRD014,2159960,73.0,97.0,81.9,91.6,79.9
2025-11-01,PRD014,2136644,68.9,92.9,84.0,88.0,85.2
2025-12-01,PRD014,2142170,70.8,94.8,83.7,89.1,82.3
2025-01-01,PRD015,1616172,88.8,112.8,84.7,70.3,79.6
2025-02-01,PRD015,1737916,93.0,117.0,87.3,71.7,83.9
2025-03-01,PRD015,1669151,85.2,109.2,86.1,73.4,83.4
2025-04-01,PRD015,1574420,89.1,113.1,86.5,71.7,83.4
2025-05-01,PRD015,1583121,90.2,114.2,85.3,69.2,82.6
2025-06-01,PRD015,1634359,95.1,119.1,82.8,70.4,82.6
2025-07-01,PRD015,1658005,91.3,115.3,85.3,69.9,82.8
2025-08-01,PRD015,1733343,89.6,113.6,85.9,70.6,85.6
2025-09-01,PRD015,1728168,89.5,113.5,86.0,70.3,79.8
2025-10-01,PRD015,1786382,86.3,110.3,83.3,71.6,83.3
2025-11-01,PRD015,1771530,86.2,110.2,86.7,71.1,77.1
2025-12-01,PRD015,1870744,86.0,110.0,82.2,73.2,78.2
2025-01-01,PRD016,543683,78.2,102.2,88.0,87.0,84.0
2025-02-01,PRD016,550253,81.9,105.9,85.7,87.4,77.8
2025-03-01,PRD016,534822,81.0,105.0,86.3,87.5,87.1
2025-04-01,PRD016,558046,78.7,102.7,86.9,86.4,81.4
2025-05-01,PRD016,532047,80.8,104.8,86.0,84.9,79.0
2025-06-01,PRD016,524101,84.6,108.6,87.8,83.9,83.9
2025-07-01,PRD016,559292,82.8,106.8,87.3,86.1,80.6
2025-08-01,PRD016,558637,79.6,103.6,88.0,87.2,79.4
2025-09-01,PRD016,575159,84.5,108.5,86.3,84.8,83.7
2025-10-01,PRD016,536369,81.8,105.8,87.1,88.6,82.8
2025-11-01,PRD016,573774,78.9,102.9,88.0,86.8,79.8
2025-12-01,PRD016,579007,78.1,102.1,88.0,88.2,76.3
2025-01-01,PRD017,1657018,93.3,117.3,81.7,75.7,78.9
2025-02-01,PRD017,1598030,85.5,109.5,84.1,78.2,80.3
2025-03-01,PRD017,1684751,93.7,117.7,85.6,75.6,85.4
2025-04-01,PRD017,1583883,88.6,112.6,84.0,76.1,84.0
2025-05-01,PRD017,1632935,87.2,111.2,82.9,77.7,81.4
2025-06-01,PRD017,1516821,93.6,117.6,83.7,75.8,82.6
2025-07-01,PRD017,1683382,91.1,115.1,83.6,75.9,79.9
2025-08-01,PRD017,1673653,93.5,117.5,84.1,76.8,85.9
2025-09-01,PRD017,1682858,92.8,116.8,83.8,74.4,79.5
2025-10-01,PRD017,1649955,89.8,113.8,83.0,75.1,83.6
2025-11-01,PRD017,1741263,92.8,116.8,83.7,74.4,82.5
2025-12-01,PRD017,1763573,92.4,116.4,83.3,74.0,85.4
2025-01-01,PRD018,1379261,83.9,107.9,83.8,81.6,75.8
2025-02-01,PRD018,1331106,85.1,109.1,82.3,80.8,74.8
2025-03-01,PRD018,1401765,88.4,112.4,81.5,81.1,73.2
2025-04-01,PRD018,1327811,86.0,110.0,83.2,79.5,75.8
2025-05-01,PRD018,1303479,82.2,106.2,80.9,80.8,76.4
2025-06-01,PRD018,1424553,88.1,112.1,81.9,78.1,80.7
2025-07-01,PRD018,1446401,87.5,111.5,81.2,82.6,79.7
2025-08-01,PRD018,1289936,82.7,106.7,83.7,79.4,74.3
2025-09-01,PRD018,1364930,80.1,104.1,82.6,79.5,80.4
2025-10-01,PRD018,1351775,82.7,106.7,82.8,79.6,70.4
2025-11-01,PRD018,1408120,84.3,108.3,81.5,78.8,75.5
2025-12-01,PRD018,1393638,86.9,110.9,83.8,80.1,75.8
2025-01-01,PRD019,1829056,88.5,112.5,86.7,77.3,84.5
2025-02-01,PRD019,1782178,83.7,107.7,89.7,80.1,84.9
2025-03-01,PRD019,1724311,83.8,107.8,87.9,79.9,80.1
2025-04-01,PRD019,1889163,88.6,112.6,87.2,78.8,80.0
2025-05-01,PRD019,1712861,84.2,108.2,88.0,81.3,84.2
2025-06-01,PRD019,1752612,95.5,119.5,87.8,75.4,83.6
2025-07-01,PRD019,1979994,88.0,112.0,88.8,79.4,81.3
2025-08-01,PRD019,1759377,90.6,114.6,83.9,79.0,82.8
2025-09-01,PRD019,1896547,86.2,110.2,87.7,79.6,81.6
2025-10-01,PRD019,1982451,89.4,113.4,86.1,78.0,84.4
2025-11-01,PRD019,1839076,87.4,111.4,86.6,77.8,86.6
2025-12-01,PRD019,1834355,86.8,110.8,85.3,79.0,84.6
2025-01-01,PRD020,468463,89.7,113.7,84.3,76.1,75.1
2025-02-01,PRD020,478588,90.1,114.1,83.9,75.1,70.5
2025-03-01,PRD020,510032,86.9,110.9,85.5,76.1,75.9
2025-04-01,PRD020,467770,91.9,115.9,84.4,76.9,75.1
2025-05-01,PRD020,514827,90.7,114.7,85.5,76.8,76.4
2025-06-01,PRD020,465188,91.6,115.6,83.8,75.4,72.8
2025-07-01,PRD020,486976,90.7,114.7,84.1,73.8,75.2
2025-08-01,PRD020,470387,89.8,113.8,84.5,75.2,77.3
2025-09-01,PRD020,473158,92.6,116.6,84.5,76.0,76.8
2025-10-01,PRD020,509364,82.5,106.5,85.2,79.3,75.3
2025-11-01,PRD020,477599,86.1,110.1,84.4,77.2,74.5
2025-12-01,PRD020,479142,87.3,111.3,84.3,75.7,77.3
2025-01-01,PRD021,989709,79.6,103.6,85.5,85.2,75.4
2025-02-01,PRD021,1019090,79.9,103.9,86.4,84.4,76.3
2025-03-01,PRD021,960213,83.5,107.5,83.2,85.1,74.1
2025-04-01,PRD021,1077123,76.5,100.5,85.2,86.3,73.4
2025-05-01,PRD021,1029189,82.0,106.0,85.8,82.5,75.2
2025-06-01,PRD021,1095749,88.1,112.1,84.5,85.0,78.0
2025-07-01,PRD021,1038883,84.5,108.5,84.9,86.6,78.2
2025-08-01,PRD021,1098221,82.3,106.3,85.1,83.0,77.5
2025-09-01,PRD021,1148015,82.6,106.6,84.5,82.2,80.4
2025-10-01,PRD021,1138894,74.9,98.9,84.8,85.6,78.0
2025-11-01,PRD021,1208837,75.2,99.2,85.9,82.5,81.2
2025-12-01,PRD021,1124588,76.2,100.2,86.2,87.6,75.5
2025-01-01,PRD022,757450,81.0,105.0,90.8,79.1,79.0
2025-02-01,PRD022,786246,85.7,109.7,89.9,79.2,75.4
2025-03-01,PRD022,733793,79.0,103.0,91.1,77.3,75.1
2025-04-01,PRD022,740156,81.7,105.7,90.5,81.2,82.5
2025-05-01,PRD022,742883,78.5,102.5,92.5,83.6,77.4
2025-06-01,PRD022,785271,88.6,112.6,90.6,76.9,79.2
2025-07-01,PRD022,798960,86.3,110.3,90.9,79.2,77.2
2025-08-01,PRD022,740542,85.4,109.4,91.8,77.3,80.6
2025-09-01,PRD022,833071,83.9,107.9,90.6,77.6,77.5
2025-10-01,PRD022,789073,81.5,105.5,91.3,80.6,79.2
2025-11-01,PRD022,821018,79.8,103.8,91.6,79.1,79.8
2025-12-01,PRD022,820247,82.6,106.6,91.2,78.8,77.3
2025-01-01,PRD023,291707,79.9,103.9,83.2,81.9,75.1
2025-02-01,PRD023,310314,84.0,108.0,80.3,81.2,76.3
2025-03-01,PRD023,274523,84.5,108.5,84.0,80.8,70.0
2025-04-01,PRD023,287564,87.6,111.6,83.5,79.8,76.7
2025-05-01,PRD023,285326,84.5,108.5,83.7,81.0,76.7
2025-06-01,PRD023,302671,88.0,112.0,82.8,78.2,74.8
2025-07-01,PRD023,310245,85.2,109.2,83.7,78.4,81.0
2025-08-01,PRD023,299257,86.1,110.1,84.2,82.8,72.0
2025-09-01,PRD023,296123,83.6,107.6,83.0,82.0,78.6
2025-10-01,PRD023,279239,85.9,109.9,81.9,81.4,77.4
2025-11-01,PRD023,277913,80.3,104.3,84.6,81.8,73.7
2025-12-01,PRD023,290410,83.6,107.6,82.3,83.0,76.1
2025-01-01,PRD024,846802,85.6,109.6,84.6,82.2,71.0
2025-02-01,PRD024,779698,90.2,114.2,87.1,82.8,68.6
2025-03-01,PRD024,839439,88.6,112.6,85.9,81.3,73.4
2025-04-01,PRD024,895247,87.7,111.7,87.6,82.6,75.1
2025-05-01,PRD024,820306,87.2,111.2,86.6,80.2,72.4
2025-06-01,PRD024,859084,93.9,117.9,88.9,80.0,72.5
2025-07-01,PRD024,931498,88.3,112.3,87.1,80.8,77.0
2025-08-01,PRD024,904154,85.7,109.7,86.0,83.0,73.0
2025-09-01,PRD024,939096,85.3,109.3,87.2,82.3,72.9
2025-10-01,PRD024,957748,83.4,107.4,85.6,83.2,75.2
2025-11-01,PRD024,956830,84.2,108.2,87.7,84.3,76.9
2025-12-01,PRD024,920261,87.5,111.5,87.8,83.8,75.2
2025-01-01,PRD025,816288,59.5,87.5,97.3,91.9,90.2
2025-02-01,PRD025,844782,58.4,86.4,97.6,92.4,86.3
2025-03-01,PRD025,781142,58.0,86.0,95.5,90.4,87.9
2025-04-01,PRD025,823182,64.9,92.9,93.6,93.2,88.4
2025-05-01,PRD025,790095,58.3,86.3,97.6,93.4,90.6
2025-06-01,PRD025,793616,59.6,87.6,97.7,92.0,84.9
2025-07-01,PRD025,838803,56.7,84.7,95.8,93.2,88.8
2025-08-01,PRD025,787159,57.7,85.7,97.0,92.9,90.1
2025-09-01,PRD025,809866,58.7,86.7,95.2,91.0,84.9
2025-10-01,PRD025,774379,57.9,85.9,96.6,93.6,84.8
2025-11-01,PRD025,863855,56.6,84.6,98,92.4,90.7
2025-12-01,PRD025,792259,58.7,86.7,94.5,94.2,91.0
2025-01-01,PRD026,253624,57.3,85.3,90.5,89.6,87.6
2025-02-01,PRD026,248187,62.3,90.3,91.3,91.1,88.3
2025-03-01,PRD026,259139,67.5,95.5,92.3,92.6,85.3
2025-04-01,PRD026,257859,63.0,91.0,93.3,91.4,87.3
2025-05-01,PRD026,242020,58.7,86.7,92.6,90.7,90.2
2025-06-01,PRD026,251987,60.6,88.6,91.7,91.4,91.9
2025-07-01,PRD026,248988,59.5,87.5,92.4,91.6,91.1
2025-08-01,PRD026,251586,63.0,91.0,90.9,90.7,91.4
2025-09-01,PRD026,265546,56.8,84.8,91.4,89.8,89.0
2025-10-01,PRD026,269803,66.5,94.5,91.4,93.1,91.0
2025-11-01,PRD026,278629,62.6,90.6,91.2,90.5,89.1
2025-12-01,PRD026,266607,61.0,89.0,91.2,89.8,86.7
2025-01-01,PRD027,233512,57.3,85.3,95.7,89.0,78.8
2025-02-01,PRD027,256329,55.4,83.4,95.4,87.5,78.7
2025-03-01,PRD027,254501,57.7,85.7,93.6,89.2,78.5
2025-04-01,PRD027,250782,52.6,80.6,93.0,87.9,78.6
2025-05-01,PRD027,257810,57.9,85.9,92.6,86.6,80.7
2025-06-01,PRD027,267833,56.7,84.7,94.4,90.5,82.3
2025-07-01,PRD027,256016,54.8,82.8,94.0,90.6,78.4
2025-08-01,PRD027,261639,51.7,79.7,91.9,88.2,81.5
2025-09-01,PRD027,269535,53.7,81.7,94.2,91.4,79.1
2025-10-01,PRD027,253319,51.8,79.8,93.2,90.0,77.1
2025-11-01,PRD027,260183,56.3,84.3,94.2,89.3,80.8
2025-12-01,PRD027,248249,53.2,81.2,94.3,88.8,81.8
2025-01-01,PRD028,555306,59.8,87.8,86.6,87.9,86.7
2025-02-01,PRD028,557191,62.8,90.8,89.0,85.4,89.1
2025-03-01,PRD028,552218,54.4,82.4,84.5,87.5,88.0
2025-04-01,PRD028,559880,59.2,87.2,86.4,86.7,89.3
2025-05-01,PRD028,564893,57.1,85.1,86.2,90.6,88.4
2025-06-01,PRD028,579725,55.2,83.2,86.4,89.5,85.5
2025-07-01,PRD028,579893,58.7,86.7,86.9,89.6,85.7
2025-08-01,PRD028,581732,58.0,86.0,85.4,87.4,84.8
2025-09-01,PRD028,532984,55.5,83.5,85.4,89.0,87.9
2025-10-01,PRD028,534521,55.4,83.4,84.1,88.8,87.0
2025-11-01,PRD028,563024,56.1,84.1,86.1,90.6,88.2
2025-12-01,PRD028,588662,56.3,84.3,85.3,85.7,82.2
2025-01-01,PRD029,711943,53.7,81.7,95.5,95.4,84.0
2025-02-01,PRD029,688051,56.7,84.7,98,92.5,81.4
2025-03-01,PRD029,733652,55.6,83.6,96.2,95.2,86.3
2025-04-01,PRD029,671586,56.1,84.1,94.5,94.9,89.2
2025-05-01,PRD029,727016,54.3,82.3,95.8,93.4,88.3
2025-06-01,PRD029,691574,58.1,86.1,97.3,95.3,85.8
2025-07-01,PRD029,761089,50.3,78.3,95.0,95.9,81.6
2025-08-01,PRD029,683106,50.5,78.5,96.7,95.2,86.2
2025-09-01,PRD029,758303,49.7,77.7,97.8,95.5,85.0
2025-10-01,PRD029,728715,51.7,79.7,95.0,94.6,83.4
2025-11-01,PRD029,695585,52.3,80.3,94.7,96.6,86.3
2025-12-01,PRD029,711044,51.3,79.3,97.4,95.8,85.0
2025-01-01,PRD030,429374,66.7,94.7,87.6,95.6,84.5
2025-02-01,PRD030,389756,63.6,91.6,89.0,94.5,77.1
2025-03-01,PRD030,430796,65.8,93.8,87.8,96.4,80.9
2025-04-01,PRD030,437988,61.2,89.2,89.2,91.8,84.9
2025-05-01,PRD030,428577,64.4,92.4,88.0,95.0,78.1
2025-06-01,PRD030,395233,61.9,89.9,89.1,94.6,78.8
2025-07-01,PRD030,393124,65.8,93.8,85.3,96.9,77.8
2025-08-01,PRD030,435185,61.7,89.7,86.2,94.6,82.4
2025-09-01,PRD030,418668,63.9,91.9,88.6,97.3,81.7
2025-10-01,PRD030,438016,58.3,86.3,88.5,92.5,82.0
2025-11-01,PRD030,422218,62.1,90.1,88.4,95.5,81.5
2025-12-01,PRD030,438690,63.6,91.6,86.0,93.8,80.2
2025-01-01,PRD031,224275,60.7,88.7,90.2,91.7,83.6
2025-02-01,PRD031,223643,62.8,90.8,89.5,89.8,82.5
2025-03-01,PRD031,225075,62.7,90.7,91.1,89.4,86.9
2025-04-01,PRD031,235625,70.2,98.2,91.8,89.6,80.5
2025-05-01,PRD031,220909,60.9,88.9,91.6,90.9,82.1
2025-06-01,PRD031,220371,52.9,80.9,90.5,90.6,84.2
2025-07-01,PRD031,243766,61.1,89.1,90.2,91.0,83.5
2025-08-01,PRD031,228539,60.4,88.4,90.8,89.1,82.5
2025-09-01,PRD031,215869,58.6,86.6,92.5,88.7,84.3
2025-10-01,PRD031,240264,59.3,87.3,90.2,89.4,84.3
2025-11-01,PRD031,229238,58.2,86.2,90.2,87.8,85.4
2025-12-01,PRD031,223877,61.0,89.0,90.0,91.2,86.3
2025-01-01,PRD032,346405,55.3,83.3,95.9,93.1,78.9
2025-02-01,PRD032,347089,59.5,87.5,94.2,92.3,81.5
2025-03-01,PRD032,336145,54.0,82.0,96.3,92.3,75.1
2025-04-01,PRD032,381716,56.9,84.9,97.4,88.8,75.6
2025-05-01,PRD032,360931,52.2,80.2,93.7,92.2,78.0
2025-06-01,PRD032,357411,53.7,81.7,95.3,91.0,80.5
2025-07-01,PRD032,376365,54.0,82.0,93.3,91.8,77.1
2025-08-01,PRD032,366347,55.5,83.5,95.0,91.8,72.7
2025-09-01,PRD032,357772,52.8,80.8,94.6,91.7,75.4
2025-10-01,PRD032,380921,52.6,80.6,93.3,90.4,78.5
2025-11-01,PRD032,354465,53.9,81.9,96.0,93.8,72.5
2025-12-01,PRD032,403983,55.2,83.2,93.4,91.0,73.6
2025-01-01,PRD033,371621,52.4,80.4,94.4,97.2,71.6
2025-02-01,PRD033,405265,59.1,87.1,96.9,99,77.1
2025-03-01,PRD033,371777,60.8,88.8,95.4,99,79.2
2025-04-01,PRD033,396194,55.8,83.8,94.7,95.0,74.8
2025-05-01,PRD033,386129,54.3,82.3,97.0,94.0,72.2
2025-06-01,PRD033,420344,58.5,86.5,95.9,97.1,76.5
2025-07-01,PRD033,413112,56.5,84.5,96.8,96.0,74.1
2025-08-01,PRD033,417269,52.7,80.7,95.5,95.2,75.7
2025-09-01,PRD033,415999,54.3,82.3,97.1,97.8,78.5
2025-10-01,PRD033,436454,51.2,79.2,98,98.2,78.2
2025-11-01,PRD033,412944,47.2,75.2,96.1,97.9,76.1
2025-12-01,PRD033,405136,50.8,78.8,96.4,96.9,72.4
2025-01-01,PRD034,170814,55.1,83.1,88.5,92.7,69.4
2025-02-01,PRD034,171459,57.3,85.3,89.5,93.3,72.1
2025-03-01,PRD034,181384,56.2,84.2,90.0,92.5,70.1
2025-04-01,PRD034,174414,58.2,86.2,88.3,91.5,73.4
2025-05-01,PRD034,176252,58.0,86.0,88.1,92.3,69.2
2025-06-01,PRD034,178429,59.3,87.3,88.5,91.0,74.1
2025-07-01,PRD034,171864,52.6,80.6,89.5,91.0,75.8
2025-08-01,PRD034,180986,58.1,86.1,90.1,91.9,70.8
2025-09-01,PRD034,167048,52.9,80.9,89.3,90.8,70.2
2025-10-01,PRD034,169017,57.4,85.4,89.9,91.1,70.0
2025-11-01,PRD034,175543,56.8,84.8,89.0,92.7,68.3
2025-12-01,PRD034,183852,59.4,87.4,89.2,92.0,72.9
2025-01-01,PRD035,316156,58.7,86.7,93.9,92.1,73.2
2025-02-01,PRD035,337935,49.8,77.8,96.7,91.3,74.4
2025-03-01,PRD035,333868,57.2,85.2,94.0,93.0,72.3
2025-04-01,PRD035,310889,54.4,82.4,95.0,91.8,76.0
2025-05-01,PRD035,328455,57.2,85.2,95.0,94.7,78.4
2025-06-01,PRD035,314837,52.4,80.4,93.8,88.6,73.6
2025-07-01,PRD035,310195,54.7,82.7,94.9,92.5,78.3
2025-08-01,PRD035,342535,51.3,79.3,92.9,91.6,79.8
2025-09-01,PRD035,340341,53.3,81.3,93.7,92.0,77.3
2025-10-01,PRD035,333763,55.0,83.0,96.6,89.1,77.0
2025-11-01,PRD035,325426,58.6,86.6,93.2,92.2,74.3
2025-12-01,PRD035,322703,54.0,82.0,94.8,90.5,77.9
2025-01-01,PRD036,341308,57.0,85.0,93.9,91.0,68.8
2025-02-01,PRD036,332488,59.6,87.6,94.2,89.7,69.6
2025-03-01,PRD036,323072,63.1,91.1,93.2,91.8,66.1
2025-04-01,PRD036,330076,54.8,82.8,95.6,93.2,68.2
2025-05-01,PRD036,322838,56.7,84.7,90.1,91.3,66.2
2025-06-01,PRD036,343830,60.8,88.8,91.6,91.1,69.3
2025-07-01,PRD036,341556,60.6,88.6,91.5,90.3,67.7
2025-08-01,PRD036,369264,54.2,82.2,94.2,91.7,68.2
2025-09-01,PRD036,367315,51.6,79.6,92.8,91.4,65.7
2025-10-01,PRD036,344266,61.2,89.2,94.1,92.9,69.7
2025-11-01,PRD036,340216,58.8,86.8,95.1,92.8,66.6
2025-12-01,PRD036,343173,60.0,88.0,92.5,93.1,68.9
2025-01-01,PRD037,263414,62.5,80.5,97.8,94.4,91.3
2025-02-01,PRD037,262968,62.8,80.8,95.4,91.5,94.2
2025-03-01,PRD037,274477,60.5,78.5,94.7,94.3,91.7
2025-04-01,PRD037,286122,63.8,81.8,96.8,93.3,90.3
2025-05-01,PRD037,277457,56.9,74.9,94.4,92.2,93.4
2025-06-01,PRD037,270310,58.4,76.4,97.2,93.1,87.5
2025-07-01,PRD037,278626,55.9,73.9,95.9,93.7,95.0
2025-08-01,PRD037,274859,55.2,73.2,97.1,93.6,86.6
2025-09-01,PRD037,270027,59.0,77.0,94.7,95.0,93.4
2025-10-01,PRD037,286702,60.5,78.5,96.0,93.7,94.7
2025-11-01,PRD037,289137,58.1,76.1,96.6,96.3,95.1
2025-12-01,PRD037,284245,58.1,76.1,97.6,91.5,93.1
2025-01-01,PRD038,205249,64.4,82.4,92.9,88.6,84.5
2025-02-01,PRD038,208567,67.0,85.0,93.5,92.1,82.9
2025-03-01,PRD038,204897,65.3,83.3,92.5,88.2,83.5
2025-04-01,PRD038,209487,66.0,84.0,93.7,88.1,87.8
2025-05-01,PRD038,197083,61.3,79.3,94.8,88.8,87.0
2025-06-01,PRD038,197178,62.6,80.6,93.9,92.6,80.1
2025-07-01,PRD038,211849,69.4,87.4,94.0,91.1,84.5
2025-08-01,PRD038,195943,66.0,84.0,91.8,89.9,80.7
2025-09-01,PRD038,192218,62.8,80.8,93.5,89.5,81.5
2025-10-01,PRD038,207842,56.3,74.3,89.9,91.0,86.5
2025-11-01,PRD038,198089,64.7,82.7,92.8,91.6,82.3
2025-12-01,PRD038,212156,60.5,78.5,93.9,91.0,85.3
2025-01-01,PRD039,329728,64.4,82.4,91.9,93.9,92.3
2025-02-01,PRD039,320015,63.9,81.9,92.4,94.3,90.7
2025-03-01,PRD039,316689,67.2,85.2,93.8,94.6,89.8
2025-04-01,PRD039,322170,66.6,84.6,92.3,91.9,91.6
2025-05-01,PRD039,345009,65.2,83.2,90.4,93.5,91.0
2025-06-01,PRD039,338718,64.2,82.2,92.2,91.6,91.3
2025-07-01,PRD039,309283,62.8,80.8,93.5,92.7,91.9
2025-08-01,PRD039,314036,60.6,78.6,94.5,94.1,93.2
2025-09-01,PRD039,319784,68.5,86.5,91.8,94.9,91.6
2025-10-01,PRD039,315112,59.4,77.4,93.6,95.1,88.7
2025-11-01,PRD039,339121,58.1,76.1,91.7,93.2,93.9
2025-12-01,PRD039,315898,61.2,79.2,93.7,92.5,89.5
2025-01-01,PRD040,316592,58.0,76.0,97.4,95.6,83.8
2025-02-01,PRD040,303077,60.9,78.9,96.0,93.3,83.2
2025-03-01,PRD040,318215,63.3,81.3,95.5,94.6,85.4
2025-04-01,PRD040,305039,63.0,81.0,96.5,97.1,87.0
2025-05-01,PRD040,308887,60.8,78.8,95.0,96.8,81.7
2025-06-01,PRD040,317280,65.2,83.2,95.9,93.4,84.4
2025-07-01,PRD040,330161,60.5,78.5,97.2,98.0,85.8
2025-08-01,PRD040,312302,60.9,78.9,96.3,93.6,81.2
2025-09-01,PRD040,328969,64.0,82.0,96.9,95.0,79.5
2025-10-01,PRD040,327719,59.4,77.4,95.9,94.8,84.8
2025-11-01,PRD040,330526,62.1,80.1,96.1,96.1,88.4
2025-12-01,PRD040,304569,65.5,83.5,96.4,94.7,81.7
2025-01-01,PRD041,239396,68.4,86.4,94.9,93.8,84.1
2025-02-01,PRD041,229486,69.8,87.8,95.8,92.2,83.8
2025-03-01,PRD041,229479,67.6,85.6,93.8,91.1,88.8
2025-04-01,PRD041,218658,69.4,87.4,91.6,92.1,88.4
2025-05-01,PRD041,242025,64.9,82.9,95.4,93.4,87.9
2025-06-01,PRD041,220750,68.0,86.0,92.9,91.5,88.6
2025-07-01,PRD041,247614,59.5,77.5,93.1,92.9,84.9
2025-08-01,PRD041,228602,67.5,85.5,93.5,91.3,85.8
2025-09-01,PRD041,229571,69.0,87.0,93.1,90.3,91.0
2025-10-01,PRD041,226998,61.6,79.6,93.0,92.4,89.2
2025-11-01,PRD041,236901,66.2,84.2,94.4,91.8,89.0
2025-12-01,PRD041,254233,65.5,83.5,94.0,91.3,91.2
2025-01-01,PRD042,319997,66.6,84.6,87.3,96.8,79.0
2025-02-01,PRD042,315027,68.1,86.1,88.6,96.0,80.5
2025-03-01,PRD042,321134,69.1,87.1,85.3,96.0,79.9
2025-04-01,PRD042,346854,65.8,83.8,86.9,95.7,82.8
2025-05-01,PRD042,325555,66.8,84.8,86.8,92.2,83.3
2025-06-01,PRD042,321086,64.5,82.5,88.0,92.3,83.1
2025-07-01,PRD042,326652,67.4,85.4,87.8,91.6,79.6
2025-08-01,PRD042,356182,62.9,80.9,85.6,92.8,79.7
2025-09-01,PRD042,353280,68.9,86.9,87.2,95.4,80.3
2025-10-01,PRD042,338648,62.9,80.9,87.6,93.1,80.6
2025-11-01,PRD042,349824,67.1,85.1,86.5,92.5,80.2
2025-12-01,PRD042,331419,72.3,90.3,87.8,94.2,78.6
2025-01-01,PRD043,84536,59.3,77.3,94.1,92.2,79.6
2025-02-01,PRD043,81765,59.6,77.6,94.9,93.4,77.9
2025-03-01,PRD043,83665,61.6,79.6,96.4,94.2,74.2
2025-04-01,PRD043,78008,58.0,76.0,93.6,91.3,77.1
2025-05-01,PRD043,79117,52.8,70.8,95.4,93.2,77.1
2025-06-01,PRD043,83270,56.6,74.6,94.4,89.7,78.0
2025-07-01,PRD043,80033,53.3,71.3,95.2,90.7,78.4
2025-08-01,PRD043,81735,52.7,70.7,95.6,92.4,75.6
2025-09-01,PRD043,87718,56.9,74.9,96.5,90.9,78.4
2025-10-01,PRD043,83309,55.9,73.9,94.2,92.0,77.4
2025-11-01,PRD043,84354,54.4,72.4,95.0,92.0,77.2
2025-12-01,PRD043,87085,52.0,70,93.5,92.0,78.5
2025-01-01,PRD044,187518,59.9,77.9,89.7,86.4,74.2
2025-02-01,PRD044,193983,60.5,78.5,91.5,87.5,70.2
2025-03-01,PRD044,208245,62.5,80.5,89.2,89.7,78.1
2025-04-01,PRD044,207056,62.2,80.2,89.8,88.5,78.7
2025-05-01,PRD044,187598,60.9,78.9,86.7,86.8,80.3
2025-06-01,PRD044,196783,58.6,76.6,90.4,82.7,70.9
2025-07-01,PRD044,205074,62.6,80.6,90.5,88.0,72.0
2025-08-01,PRD044,190155,56.6,74.6,89.8,83.7,74.5
2025-09-01,PRD044,200755,56.3,74.3,92.3,85.4,73.3
2025-10-01,PRD044,193655,59.8,77.8,89.0,85.8,78.6
2025-11-01,PRD044,195121,62.6,80.6,92.1,83.7,75.7
2025-12-01,PRD044,206058,59.2,77.2,89.3,86.5,79.3
2025-01-01,PRD045,297803,57.1,75.1,85.4,93.1,71.7
2025-02-01,PRD045,301243,57.8,75.8,86.5,92.1,71.9
2025-03-01,PRD045,297172,58.5,76.5,86.9,93.4,68.1
2025-04-01,PRD045,303422,55.8,73.8,85.4,92.6,69.4
2025-05-01,PRD045,289728,59.9,77.9,86.2,93.5,72.2
2025-06-01,PRD045,312140,57.1,75.1,84.9,92.2,65.8
2025-07-01,PRD045,289854,54.7,72.7,85.9,93.0,64.6
2025-08-01,PRD045,296431,57.0,75.0,86.1,94.9,66.3
2025-09-01,PRD045,305860,58.1,76.1,84.1,95.6,64.8
2025-10-01,PRD045,310163,53.3,71.3,87.9,92.7,67.5
2025-11-01,PRD045,297376,52.0,70,84.8,92.5,65.0
2025-12-01,PRD045,303896,63.7,81.7,86.0,93.0,68.5
2025-01-01,PRD046,166397,57.7,75.7,95.0,87.5,70.9
2025-02-01,PRD046,166631,61.8,79.8,96.2,92.8,73.2
2025-03-01,PRD046,176988,55.6,73.6,96.4,91.3,70.9
2025-04-01,PRD046,164966,60.1,78.1,95.9,93.9,73.3
2025-05-01,PRD046,178874,54.1,72.1,94.0,89.9,72.3
2025-06-01,PRD046,180433,60.1,78.1,96.3,90.5,70.9
2025-07-01,PRD046,187143,57.9,75.9,96.6,90.1,67.4
2025-08-01,PRD046,181697,58.0,76.0,97.2,89.3,70.7
2025-09-01,PRD046,169205,57.7,75.7,94.7,92.0,67.0
2025-10-01,PRD046,170295,52.4,70.4,94.5,90.1,68.1
2025-11-01,PRD046,188012,55.6,73.6,96.8,91.0,72.2
2025-12-01,PRD046,179368,61.3,79.3,95.6,93.0,67.8
2025-01-01,PRD047,242169,58.2,76.2,93.1,95.9,79.0
2025-02-01,PRD047,238754,58.7,76.7,94.1,98.9,78.4
2025-03-01,PRD047,267747,61.1,79.1,92.0,97.5,79.5
2025-04-01,PRD047,258742,59.0,77.0,93.4,95.0,80.7
2025-05-01,PRD047,263201,59.4,77.4,92.0,99,76.7
2025-06-01,PRD047,267710,52.7,70.7,92.4,97.9,77.9
2025-07-01,PRD047,260650,58.1,76.1,92.7,96.8,77.7
2025-08-01,PRD047,254744,55.5,73.5,94.2,95.8,74.1
2025-09-01,PRD047,278034,57.9,75.9,91.0,96.0,81.0
2025-10-01,PRD047,268391,55.1,73.1,92.0,97.6,76.9
2025-11-01,PRD047,285828,54.9,72.9,92.8,94.7,79.5
2025-12-01,PRD047,284688,60.4,78.4,94.0,97.9,79.0
2025-01-01,PRD048,231120,56.6,74.6,88.4,94.6,66.8
2025-02-01,PRD048,227272,62.1,80.1,88.4,93.7,71.5
2025-03-01,PRD048,231109,64.4,82.4,86.9,94.4,70.2
2025-04-01,PRD048,213212,61.0,79.0,84.5,94.5,70.8
2025-05-01,PRD048,220135,64.1,82.1,87.9,94.0,69.9
2025-06-01,PRD048,219969,54.4,72.4,84.8,92.5,66.0
2025-07-01,PRD048,240619,59.7,77.7,85.4,95.3,68.4
2025-08-01,PRD048,221230,62.4,80.4,87.9,95.0,72.2
2025-09-01,PRD048,220928,56.2,74.2,86.0,96.6,64.8
2025-10-01,PRD048,220543,59.4,77.4,85.3,95.0,72.8
2025-11-01,PRD048,225840,57.0,75.0,87.4,93.1,69.2
2025-12-01,PRD048,237168,60.5,78.5,86.3,94.5,68.8
2025-01-01,PRD049,6091856,65.8,90.8,91.6,88.2,92.8
2025-02-01,PRD049,5887000,63.1,88.1,93.2,90.5,95.7
2025-03-01,PRD049,5862551,61.9,86.9,92.3,88.7,94.2
2025-04-01,PRD049,5541826,61.7,86.7,93.2,89.2,93.4
2025-05-01,PRD049,6182686,66.2,91.2,92.3,90.8,95.3
2025-06-01,PRD049,6075035,57.7,82.7,92.1,89.5,92.3
2025-07-01,PRD049,6272737,58.3,83.3,91.5,90.2,91.0
2025-08-01,PRD049,6213360,65.2,90.2,92.4,86.5,90.1
2025-09-01,PRD049,6410550,60.2,85.2,94.1,93.3,93.4
2025-10-01,PRD049,6005664,62.6,87.6,92.3,88.6,93.4
2025-11-01,PRD049,6099336,55.0,80.0,91.9,90.0,91.7
2025-12-01,PRD049,6301186,61.4,86.4,93.2,89.6,94.1
2025-01-01,PRD050,4271952,70.7,95.7,86.8,90.6,79.6
2025-02-01,PRD050,4151833,67.9,92.9,87.5,91.0,80.2
2025-03-01,PRD050,4369196,71.4,96.4,88.2,91.9,81.4
2025-04-01,PRD050,4393859,71.1,96.1,87.9,89.5,79.6
2025-05-01,PRD050,4565336,69.9,94.9,87.7,93.1,78.1
2025-06-01,PRD050,4758427,64.8,89.8,86.9,94.0,74.3
2025-07-01,PRD050,4318837,68.6,93.6,86.9,92.2,80.0
2025-08-01,PRD050,4735075,63.8,88.8,86.7,93.4,79.9
2025-09-01,PRD050,4836899,64.8,89.8,88.1,94.7,74.3
2025-10-01,PRD050,4604862,74.5,99.5,87.0,92.3,75.1
2025-11-01,PRD050,5031769,64.9,89.9,88.8,92.8,74.8
2025-12-01,PRD050,4593867,72.0,97.0,87.2,89.6,76.5
2025-01-01,PRD051,2209161,70.9,95.9,81.9,95.2,82.1
2025-02-01,PRD051,2440307,70.3,95.3,79.8,94.0,83.3
2025-03-01,PRD051,2237814,69.9,94.9,80.6,95.1,82.6
2025-04-01,PRD051,2276789,72.2,97.2,83.2,94.3,84.3
2025-05-01,PRD051,2453791,66.7,91.7,82.1,95.5,81.3
2025-06-01,PRD051,2479630,64.8,89.8,81.3,93.3,78.4
2025-07-01,PRD051,2380054,68.6,93.6,80.6,94.0,83.8
2025-08-01,PRD051,2353771,62.7,87.7,82.6,93.1,86.3
2025-09-01,PRD051,2397209,66.6,91.6,80.1,93.8,81.8
2025-10-01,PRD051,2546747,68.3,93.3,81.6,94.8,82.1
2025-11-01,PRD051,2507450,69.3,94.3,80.6,94.8,85.4
2025-12-01,PRD051,2465128,65.0,90.0,79.8,94.2,84.3
2025-01-01,PRD052,2937598,78.9,103.9,86.6,89.9,74.7
2025-02-01,PRD052,2942540,74.0,99.0,87.4,95.0,75.7
2025-03-01,PRD052,3029903,76.4,101.4,86.1,94.2,71.3
2025-04-01,PRD052,3350712,80.0,105.0,86.9,90.2,72.1
2025-05-01,PRD052,3149173,71.5,96.5,84.6,91.9,72.5
2025-06-01,PRD052,3400596,71.4,96.4,84.4,92.7,76.3
2025-07-01,PRD052,3234561,71.8,96.8,87.8,93.0,78.1
2025-08-01,PRD052,3208980,69.5,94.5,86.9,93.5,75.2
2025-09-01,PRD052,3394791,73.3,98.3,87.9,90.5,77.1
2025-10-01,PRD052,3430252,71.1,96.1,85.3,91.6,72.0
2025-11-01,PRD052,3356791,73.6,98.6,85.8,96.0,73.2
2025-12-01,PRD052,3620141,75.2,100.2,84.7,94.7,76.6
2025-01-01,PRD053,5050555,74.8,99.8,93.0,87.2,87.0
2025-02-01,PRD053,5491577,77.0,102.0,92.1,87.4,91.6
2025-03-01,PRD053,5671816,76.2,101.2,91.0,84.8,90.4
2025-04-01,PRD053,5292832,75.0,100.0,93.7,87.8,84.4
2025-05-01,PRD053,5092471,77.3,102.3,91.9,84.3,91.0
2025-06-01,PRD053,5359412,70.6,95.6,93.6,86.5,87.2
2025-07-01,PRD053,5575087,76.6,101.6,93.4,86.6,89.7
2025-08-01,PRD053,5770544,74.5,99.5,92.6,86.1,90.5
2025-09-01,PRD053,5710984,73.9,98.9,92.9,85.3,85.0
2025-10-01,PRD053,5242329,77.1,102.1,91.4,83.1,84.2
2025-11-01,PRD053,5530665,72.2,97.2,94.4,87.7,87.8
2025-12-01,PRD053,5475149,76.5,101.5,91.8,88.3,89.6
2025-01-01,PRD054,3458188,72.0,97.0,85.3,87.4,79.1
2025-02-01,PRD054,3580720,68.1,93.1,85.0,87.0,82.6
2025-03-01,PRD054,3591264,68.9,93.9,85.9,87.4,79.8
2025-04-01,PRD054,3484652,73.6,98.6,85.8,87.9,81.2
2025-05-01,PRD054,3574752,72.7,97.7,84.0,89.1,79.1
2025-06-01,PRD054,3434073,66.4,91.4,86.7,87.8,77.2
2025-07-01,PRD054,3410853,70.7,95.7,86.1,87.4,81.7
2025-08-01,PRD054,3572333,65.0,90.0,85.6,86.9,75.6
2025-09-01,PRD054,3690376,68.0,93.0,84.1,87.4,81.0
2025-10-01,PRD054,3619831,67.2,92.2,83.5,91.5,76.3
2025-11-01,PRD054,3739271,68.3,93.3,85.1,89.0,80.7
2025-12-01,PRD054,3803879,67.3,92.3,83.3,88.9,81.5
2025-01-01,PRD055,5253287,73.7,98.7,91.3,91.2,80.4
2025-02-01,PRD055,5521778,71.1,96.1,90.4,89.3,78.8
2025-03-01,PRD055,5770638,71.7,96.7,90.8,91.5,78.9
2025-04-01,PRD055,5393930,80.4,105.4,90.4,89.2,80.0
2025-05-01,PRD055,5190880,71.8,96.8,91.2,90.5,81.4
2025-06-01,PRD055,5411049,69.7,94.7,90.9,89.1,81.6
2025-07-01,PRD055,5324222,72.8,97.8,89.6,90.3,82.0
2025-08-01,PRD055,5524577,68.9,93.9,91.5,91.1,77.9
2025-09-01,PRD055,5562428,72.3,97.3,90.5,90.5,79.0
2025-10-01,PRD055,5322743,68.9,93.9,91.1,90.0,79.6
2025-11-01,PRD055,5179150,67.4,92.4,91.2,89.1,78.1
2025-12-01,PRD055,5728338,74.8,99.8,92.1,90.9,83.7
2025-01-01,PRD056,3428082,63.7,88.7,88.5,88.4,78.7
2025-02-01,PRD056,3510794,68.4,93.4,88.2,88.9,79.7
2025-03-01,PRD056,3435602,71.2,96.2,90.2,91.0,79.3
2025-04-01,PRD056,3164967,65.9,90.9,90.0,89.2,80.0
2025-05-01,PRD056,3201054,66.1,91.1,90.1,86.4,75.7
2025-06-01,PRD056,3430470,66.4,91.4,89.2,89.4,78.9
2025-07-01,PRD056,3245352,64.8,89.8,89.7,88.2,78.2
2025-08-01,PRD056,3257212,63.5,88.5,89.0,89.4,83.9
2025-09-01,PRD056,3515378,63.0,88.0,89.6,89.4,78.3
2025-10-01,PRD056,3672321,68.7,93.7,91.5,90.3,79.0
2025-11-01,PRD056,3628600,63.4,88.4,91.6,88.5,80.8
2025-12-01,PRD056,3397132,66.4,91.4,89.2,87.7,75.0
2025-01-01,PRD057,4070920,67.1,92.1,92.7,90.9,80.5
2025-02-01,PRD057,4113437,64.9,89.9,93.3,88.7,80.6
2025-03-01,PRD057,4065791,63.3,88.3,93.9,91.8,84.1
2025-04-01,PRD057,4275471,68.3,93.3,92.8,91.9,82.2
2025-05-01,PRD057,3987255,60.7,85.7,93.8,90.2,80.8
2025-06-01,PRD057,4169025,65.5,90.5,94.0,91.0,83.0
2025-07-01,PRD057,4102909,66.5,91.5,93.9,90.6,83.9
2025-08-01,PRD057,4213673,67.9,92.9,92.7,91.5,82.6
2025-09-01,PRD057,3977757,64.3,89.3,91.9,92.5,78.7
2025-10-01,PRD057,4120642,62.1,87.1,93.1,94.9,78.4
2025-11-01,PRD057,3981904,64.4,89.4,93.2,91.3,83.8
2025-12-01,PRD057,4014540,64.6,89.6,93.7,91.6,80.0
2025-01-01,PRD058,1539125,75.6,100.6,85.7,97.1,71.0
2025-02-01,PRD058,1458664,71.4,96.4,86.6,95.4,72.2
2025-03-01,PRD058,1557955,66.2,91.2,85.2,97.0,74.5
2025-04-01,PRD058,1478647,70.8,95.8,86.2,95.3,72.3
2025-05-01,PRD058,1564909,66.1,91.1,86.7,96.4,73.4
2025-06-01,PRD058,1485674,65.1,90.1,87.0,95.6,76.8
2025-07-01,PRD058,1474903,67.6,92.6,86.0,93.9,76.7
2025-08-01,PRD058,1449905,65.6,90.6,85.3,96.0,72.7
2025-09-01,PRD058,1592812,61.2,86.2,88.3,95.3,71.6
2025-10-01,PRD058,1572081,62.6,87.6,88.3,96.9,75.9
2025-11-01,PRD058,1482939,65.9,90.9,86.3,95.6,76.5
2025-12-01,PRD058,1474950,64.4,89.4,84.4,96.4,78.4
2025-01-01,PRD059,1390182,61.2,86.2,88.0,93.0,78.8
2025-02-01,PRD059,1399886,62.2,87.2,87.4,92.9,81.3
2025-03-01,PRD059,1375675,63.9,88.9,88.1,92.1,83.2
2025-04-01,PRD059,1344546,63.6,88.6,89.4,92.8,80.0
2025-05-01,PRD059,1478912,61.9,86.9,87.1,92.4,81.0
2025-06-01,PRD059,1477279,62.6,87.6,88.8,91.7,81.2
2025-07-01,PRD059,1470944,62.2,87.2,87.3,94.0,83.1
2025-08-01,PRD059,1500240,64.7,89.7,87.7,89.0,83.4
2025-09-01,PRD059,1397976,60.4,85.4,88.3,89.7,82.6
2025-10-01,PRD059,1517621,61.5,86.5,85.9,93.3,79.2
2025-11-01,PRD059,1396852,60.5,85.5,87.4,90.2,80.5
2025-12-01,PRD059,1403081,67.5,92.5,89.2,91.9,77.0
2025-01-01,PRD060,1916762,78.1,103.1,89.6,91.6,69.1
2025-02-01,PRD060,1929284,73.7,98.7,91.7,91.3,72.2
2025-03-01,PRD060,2005187,76.4,101.4,88.8,89.3,66.4
2025-04-01,PRD060,2095731,80.8,105.8,89.9,90.0,73.4
2025-05-01,PRD060,2042504,71.9,96.9,88.9,90.5,73.5
2025-06-01,PRD060,2267693,74.2,99.2,90.3,92.8,68.8
2025-07-01,PRD060,2026182,72.3,97.3,90.8,88.6,71.3
2025-08-01,PRD060,2230578,74.0,99.0,90.4,92.9,73.2
2025-09-01,PRD060,2220241,70.1,95.1,89.5,91.6,71.8
2025-10-01,PRD060,2343724,80.9,105.9,89.3,89.4,70.5
2025-11-01,PRD060,2271837,76.4,101.4,89.3,90.4,68.5
2025-12-01,PRD060,2366657,76.4,101.4,89.1,90.9,67.9
2025-01-01,PRD061,2926236,89.3,115.3,78.5,76.0,92.0
2025-02-01,PRD061,3051427,87.7,113.7,79.3,77.4,93.5
2025-03-01,PRD061,2871051,87.0,113.0,78.2,76.4,96.1
2025-04-01,PRD061,2760688,85.0,111.0,79.8,79.3,97.9
2025-05-01,PRD061,2818239,83.0,109.0,79.4,75.0,96.6
2025-06-01,PRD061,3091892,87.1,113.1,79.8,77.0,92.2
2025-07-01,PRD061,2917359,88.7,114.7,78.1,76.8,95.0
2025-08-01,PRD061,3180416,83.4,109.4,80.4,77.0,96.7
2025-09-01,PRD061,3187102,80.5,106.5,77.3,78.2,96.5
2025-10-01,PRD061,2985068,85.7,111.7,78.9,76.1,97.6
2025-11-01,PRD061,3075903,85.3,111.3,79.2,75.4,95.5
2025-12-01,PRD061,3049647,86.5,112.5,79.3,78.1,95.8
2025-01-01,PRD062,1677109,80.2,106.2,81.0,84.2,74.6
2025-02-01,PRD062,1652856,83.7,109.7,82.9,82.9,76.8
2025-03-01,PRD062,1827184,78.5,104.5,82.4,83.0,81.2
2025-04-01,PRD062,1876240,82.3,108.3,81.7,81.3,77.5
2025-05-01,PRD062,1739632,82.4,108.4,81.6,80.9,75.2
2025-06-01,PRD062,1883140,76.8,102.8,81.0,82.9,78.1
2025-07-01,PRD062,1819909,84.1,110.1,78.9,81.9,78.4
2025-08-01,PRD062,1775710,76.4,102.4,80.2,85.6,79.0
2025-09-01,PRD062,1791049,77.3,103.3,80.1,81.2,78.3
2025-10-01,PRD062,1884312,80.0,106.0,79.3,80.8,75.4
2025-11-01,PRD062,1704192,74.5,100.5,80.3,82.0,75.9
2025-12-01,PRD062,1813412,74.2,100.2,81.1,85.7,76.8
2025-01-01,PRD063,3392663,84.4,110.4,84.3,79.3,85.2
2025-02-01,PRD063,3185609,79.6,105.6,80.8,80.5,85.0
2025-03-01,PRD063,3162461,81.0,107.0,83.2,82.6,86.3
2025-04-01,PRD063,3121877,85.4,111.4,82.9,83.0,85.5
2025-05-01,PRD063,3509359,80.5,106.5,84.1,81.3,82.4
2025-06-01,PRD063,3374936,83.5,109.5,83.1,81.5,82.4
2025-07-01,PRD063,3541504,81.3,107.3,86.3,79.7,79.1
2025-08-01,PRD063,3411607,75.9,101.9,84.7,82.5,84.7
2025-09-01,PRD063,3194727,76.4,102.4,84.2,79.1,82.9
2025-10-01,PRD063,3528863,82.6,108.6,82.8,82.7,82.8
2025-11-01,PRD063,3511375,81.6,107.6,83.3,77.1,81.5
2025-12-01,PRD063,3292877,81.8,107.8,82.6,77.7,84.7
2025-01-01,PRD064,2147718,85.4,111.4,78.2,78.8,78.0
2025-02-01,PRD064,2095478,78.1,104.1,77.1,78.8,85.9
2025-03-01,PRD064,2316118,81.7,107.7,79.6,80.0,84.5
2025-04-01,PRD064,2328813,82.2,108.2,78.7,79.6,84.2
2025-05-01,PRD064,2235656,81.5,107.5,77.5,79.0,84.5
2025-06-01,PRD064,2324138,85.1,111.1,77.9,77.3,83.2
2025-07-01,PRD064,2520161,82.4,108.4,78.5,80.7,81.4
2025-08-01,PRD064,2483156,77.9,103.9,76.9,80.0,81.7
2025-09-01,PRD064,2639072,79.1,105.1,75.3,80.1,81.1
2025-10-01,PRD064,2451324,82.0,108.0,77.5,80.8,86.5
2025-11-01,PRD064,2660667,82.4,108.4,76.9,80.2,84.1
2025-12-01,PRD064,2764326,85.6,111.6,78.1,78.3,82.0
2025-01-01,PRD065,1808255,94.2,120.2,77.3,72.2,94.4
2025-02-01,PRD065,1636622,94.4,120.4,78.9,72.8,91.9
2025-03-01,PRD065,1867938,95.6,121.6,78.1,70.9,92.4
2025-04-01,PRD065,1667920,95.9,121.9,77.9,71.0,90.0
2025-05-01,PRD065,1795980,93.1,119.1,78.4,71.2,91.6
2025-06-01,PRD065,1698245,88.4,114.4,77.4,72.9,94.6
2025-07-01,PRD065,1804737,87.9,113.9,77.0,76.6,90.7
2025-08-01,PRD065,1880598,86.6,112.6,79.2,76.1,93.7
2025-09-01,PRD065,1928084,90.4,116.4,78.5,74.2,93.3
2025-10-01,PRD065,1939016,92.2,118.2,78.0,73.8,90.9
2025-11-01,PRD065,1852274,91.2,117.2,79.4,72.5,88.9
2025-12-01,PRD065,1781028,89.6,115.6,76.8,76.6,88.0
2025-01-01,PRD066,1233155,97.6,123.6,73.9,65,83.5
2025-02-01,PRD066,1369400,93.2,119.2,71.6,67.5,79.5
2025-03-01,PRD066,1219667,97.1,123.1,72.9,67.9,81.9
2025-04-01,PRD066,1353160,92.8,118.8,72.7,68.2,80.2
2025-05-01,PRD066,1353639,95.6,121.6,71.4,66.8,82.9
2025-06-01,PRD066,1265387,90.5,116.5,72.1,68.0,78.2
2025-07-01,PRD066,1273299,97.2,123.2,74.0,65,84.7
2025-08-01,PRD066,1377912,93.7,119.7,71.4,66.9,79.5
2025-09-01,PRD066,1318027,85.3,111.3,73.3,68.7,84.0
2025-10-01,PRD066,1360044,92.9,118.9,71.7,66.9,81.6
2025-11-01,PRD066,1381632,90.7,116.7,71.8,65.5,81.6
2025-12-01,PRD066,1279299,90.6,116.6,73.6,68.4,79.9
2025-01-01,PRD067,1691775,89.3,115.3,76.4,75.9,71.8
2025-02-01,PRD067,1664843,86.7,112.7,75.8,76.0,78.8
2025-03-01,PRD067,1765314,88.3,114.3,76.5,75.9,75.9
2025-04-01,PRD067,1909100,85.6,111.6,76.4,74.2,74.0
2025-05-01,PRD067,1801792,83.1,109.1,79.7,75.8,72.3
2025-06-01,PRD067,1917616,83.3,109.3,73.6,79.2,72.5
2025-07-01,PRD067,1951329,80.6,106.6,76.5,78.4,74.3
2025-08-01,PRD067,1962854,78.8,104.8,75.8,76.3,74.5
2025-09-01,PRD067,1838354,83.8,109.8,75.4,79.9,76.9
2025-10-01,PRD067,1950378,87.5,113.5,77.0,76.4,71.2
2025-11-01,PRD067,1855737,82.1,108.1,76.0,76.4,76.0
2025-12-01,PRD067,1976702,84.6,110.6,77.2,77.1,73.6
2025-01-01,PRD068,1718164,84.4,110.4,77.3,83.3,73.3
2025-02-01,PRD068,1660027,84.1,110.1,75.9,80.4,73.4
2025-03-01,PRD068,1640982,83.7,109.7,75.2,83.3,73.9
2025-04-01,PRD068,1745276,83.8,109.8,78.0,81.0,69.7
2025-05-01,PRD068,1722862,79.3,105.3,76.2,81.4,70.9
2025-06-01,PRD068,1684015,82.7,108.7,76.2,82.6,69.1
2025-07-01,PRD068,1784539,83.0,109.0,77.2,82.9,69.9
2025-08-01,PRD068,1758224,81.6,107.6,75.2,83.5,71.7
2025-09-01,PRD068,1859397,77.8,103.8,76.2,83.6,74.8
2025-10-01,PRD068,1863366,79.5,105.5,73.5,82.3,67.4
2025-11-01,PRD068,1736413,82.1,108.1,76.5,81.8,75.5
2025-12-01,PRD068,1900180,82.6,108.6,77.4,83.1,73.3
2025-01-01,PRD069,1524340,86.8,112.8,80.0,77.2,82.3
2025-02-01,PRD069,1640131,85.5,111.5,78.2,77.2,83.6
2025-03-01,PRD069,1667745,83.6,109.6,79.6,76.9,76.2
2025-04-01,PRD069,1588558,86.8,112.8,80.9,77.1,83.0
2025-05-01,PRD069,1611849,88.5,114.5,81.3,79.5,81.8
2025-06-01,PRD069,1619913,81.8,107.8,81.0,77.8,77.9
2025-07-01,PRD069,1629649,82.6,108.6,82.2,78.2,82.4
2025-08-01,PRD069,1563042,83.3,109.3,79.7,77.4,80.8
2025-09-01,PRD069,1572289,85.1,111.1,77.4,77.0,83.4
2025-10-01,PRD069,1571745,85.4,111.4,81.6,76.3,80.6
2025-11-01,PRD069,1533588,83.1,109.1,78.6,76.2,78.4
2025-12-01,PRD069,1527289,85.4,111.4,82.1,79.0,80.0
2025-01-01,PRD070,815151,83.1,109.1,83.5,82.6,71.5
2025-02-01,PRD070,927875,78.2,104.2,84.6,82.4,76.7
2025-03-01,PRD070,922501,81.1,107.1,83.9,87.8,67.3
2025-04-01,PRD070,922772,80.2,106.2,86.4,83.3,73.6
2025-05-01,PRD070,952472,80.8,106.8,84.4,83.2,72.5
2025-06-01,PRD070,961113,79.5,105.5,83.8,81.7,72.4
2025-07-01,PRD070,886831,82.3,108.3,84.5,82.2,70.3
2025-08-01,PRD070,966800,71.6,97.6,87.0,82.2,73.8
2025-09-01,PRD070,1000537,78.6,104.6,84.5,83.9,72.2
2025-10-01,PRD070,1000720,78.3,104.3,84.8,85.3,68.0
2025-11-01,PRD070,958411,70.7,96.7,84.5,83.0,74.5
2025-12-01,PRD070,1040032,82.9,108.9,84.3,81.1,76.0
2025-01-01,PRD071,1796743,78.5,104.5,82.1,85.5,72.5
2025-02-01,PRD071,1798512,78.5,104.5,82.5,86.8,75.0
2025-03-01,PRD071,1927109,82.0,108.0,82.3,84.1,76.5
2025-04-01,PRD071,2019478,80.9,106.9,82.1,84.0,74.7
2025-05-01,PRD071,2038701,79.9,105.9,84.4,86.2,76.8
2025-06-01,PRD071,2106584,78.1,104.1,83.2,86.1,73.6
2025-07-01,PRD071,2138610,82.5,108.5,82.3,86.2,71.5
2025-08-01,PRD071,2124552,73.6,99.6,81.8,88.1,68.9
2025-09-01,PRD071,2144093,72.9,98.9,83.5,87.8,77.6
2025-10-01,PRD071,2094325,73.8,99.8,83.8,86.7,73.8
2025-11-01,PRD071,2225613,76.0,102.0,81.8,87.8,73.4
2025-12-01,PRD071,2039606,78.5,104.5,82.3,84.6,77.6
2025-01-01,PRD072,1067320,94.1,120.1,73.9,71.0,69.1
2025-02-01,PRD072,1100262,94.9,120.9,75.1,72.6,71.6
2025-03-01,PRD072,1035815,93.4,119.4,73.1,73.2,71.1
2025-04-01,PRD072,1100943,95.1,121.1,74.5,69.4,69.8
2025-05-01,PRD072,1181710,96.4,122.4,73.4,70.8,71.5
2025-06-01,PRD072,1063376,91.6,117.6,72.3,72.4,73.1
2025-07-01,PRD072,1187480,91.4,117.4,73.1,72.8,64.3
2025-08-01,PRD072,1104365,91.5,117.5,73.5,72.2,65.0
2025-09-01,PRD072,1162268,92.1,118.1,73.4,72.8,70.0
2025-10-01,PRD072,1188744,89.3,115.3,73.2,72.3,74.3
2025-11-01,PRD072,1187380,88.8,114.8,74.2,72.3,70.3
2025-12-01,PRD072,1220639,92.5,118.5,72.8,72.8,65.4
2025-01-01,PRD073,1666763,68.8,95.8,80.0,90.1,91.4
2025-02-01,PRD073,1710405,66.9,93.9,79.6,92.0,88.7
2025-03-01,PRD073,1677448,67.5,94.5,82.3,89.7,89.8
2025-04-01,PRD073,1687230,65.8,92.8,81.9,91.6,93.8
2025-05-01,PRD073,1716094,66.4,93.4,80.8,90.0,95.0
2025-06-01,PRD073,1801360,66.7,93.7,82.3,89.5,91.4
2025-07-01,PRD073,1784878,66.7,93.7,80.8,90.5,92.6
2025-08-01,PRD073,1906823,66.3,93.3,81.0,92.6,93.4
2025-09-01,PRD073,1836099,64.2,91.2,81.4,89.7,92.9
2025-10-01,PRD073,1725929,66.8,93.8,82.3,90.3,96.3
2025-11-01,PRD073,1780116,71.3,98.3,80.2,87.8,91.4
2025-12-01,PRD073,1738731,69.8,96.8,80.2,88.2,92.2
2025-01-01,PRD074,1472423,69.8,96.8,91.7,93.6,81.3
2025-02-01,PRD074,1504467,69.4,96.4,91.6,93.8,77.3
2025-03-01,PRD074,1551665,65.4,92.4,89.8,93.3,75.7
2025-04-01,PRD074,1550217,67.1,94.1,89.5,94.2,78.8
2025-05-01,PRD074,1593139,64.7,91.7,92.0,92.1,76.4
2025-06-01,PRD074,1473155,65.6,92.6,89.3,92.6,78.5
2025-07-01,PRD074,1494550,61.9,88.9,90.7,93.8,77.9
2025-08-01,PRD074,1639962,70.0,97.0,89.3,93.5,80.1
2025-09-01,PRD074,1562015,63.4,90.4,91.2,90.9,79.9
2025-10-01,PRD074,1585426,63.1,90.1,90.5,95.2,72.1
2025-11-01,PRD074,1560739,60.9,87.9,91.0,91.5,79.2
2025-12-01,PRD074,1597539,68.4,95.4,90.4,93.5,78.3
2025-01-01,PRD075,653240,68.9,95.9,87.0,90.2,90.0
2025-02-01,PRD075,673487,70.9,97.9,86.7,91.1,87.7
2025-03-01,PRD075,675450,70.0,97.0,86.4,90.7,84.6
2025-04-01,PRD075,666430,71.8,98.8,87.0,87.8,85.5
2025-05-01,PRD075,664490,67.2,94.2,89.4,90.3,88.7
2025-06-01,PRD075,641101,67.3,94.3,86.9,90.6,85.8
2025-07-01,PRD075,627290,68.5,95.5,87.9,92.3,83.9
2025-08-01,PRD075,662047,69.8,96.8,87.4,90.6,85.1
2025-09-01,PRD075,667597,65.2,92.2,86.9,92.2,91.7
2025-10-01,PRD075,686359,68.9,95.9,90.5,93.4,89.9
2025-11-01,PRD075,650809,65.7,92.7,85.7,90.6,85.5
2025-12-01,PRD075,652382,66.6,93.6,88.0,90.8,84.7
2025-01-01,PRD076,806505,65.7,92.7,84.2,95.4,73.5
2025-02-01,PRD076,856185,58.6,85.6,83.5,97.3,76.5
2025-03-01,PRD076,782499,65.5,92.5,85.2,96.1,75.3
2025-04-01,PRD076,812219,67.1,94.1,85.8,95.2,72.4
2025-05-01,PRD076,831675,61.9,88.9,86.6,96.1,74.0
2025-06-01,PRD076,788370,61.2,88.2,83.5,95.6,74.3
2025-07-01,PRD076,810550,63.7,90.7,83.2,96.5,78.3
2025-08-01,PRD076,897637,56.9,83.9,84.6,95.5,77.7
2025-09-01,PRD076,828638,54.9,81.9,84.2,95.9,80.1
2025-10-01,PRD076,810383,60.4,87.4,83.1,96.9,78.1
2025-11-01,PRD076,877531,62.5,89.5,83.5,95.1,80.3
2025-12-01,PRD076,883568,59.3,86.3,82.8,92.8,75.2
2025-01-01,PRD077,550958,77.6,104.6,82.5,88.0,90.2
2025-02-01,PRD077,537811,73.6,100.6,85.7,87.2,92.9
2025-03-01,PRD077,526442,72.7,99.7,85.6,84.1,90.0
2025-04-01,PRD077,576598,75.4,102.4,84.8,88.0,87.9
2025-05-01,PRD077,565779,75.2,102.2,84.9,84.8,88.3
2025-06-01,PRD077,556649,79.1,106.1,86.9,85.0,94.0
2025-07-01,PRD077,533196,74.6,101.6,87.0,86.1,92.1
2025-08-01,PRD077,569172,77.9,104.9,84.3,84.5,92.0
2025-09-01,PRD077,597814,74.1,101.1,83.9,85.7,91.6
2025-10-01,PRD077,588261,74.1,101.1,84.2,84.5,88.8
2025-11-01,PRD077,599815,81.0,108.0,85.9,85.6,93.1
2025-12-01,PRD077,613319,77.4,104.4,85.1,85.7,91.3
2025-01-01,PRD078,1233868,66.9,93.9,84.3,91.4,79.8
2025-02-01,PRD078,1161054,70.6,97.6,84.1,89.1,77.7
2025-03-01,PRD078,1271208,70.9,97.9,85.0,88.3,74.4
2025-04-01,PRD078,1141042,71.0,98.0,85.5,87.0,78.2
2025-05-01,PRD078,1155720,68.5,95.5,84.1,90.9,75.9
2025-06-01,PRD078,1147420,72.8,99.8,85.0,86.4,73.9
2025-07-01,PRD078,1253861,68.1,95.1,82.0,89.1,76.1
2025-08-01,PRD078,1201055,64.3,91.3,83.3,86.2,81.5
2025-09-01,PRD078,1279031,68.6,95.6,84.5,87.7,78.1
2025-10-01,PRD078,1256648,67.3,94.3,85.8,86.7,78.7
2025-11-01,PRD078,1145172,70.0,97.0,81.4,88.0,73.3
2025-12-01,PRD078,1255629,70.7,97.7,84.0,87.2,74.2
2025-01-01,PRD079,1771414,69.3,96.3,77.6,89.8,77.0
2025-02-01,PRD079,1799475,70.8,97.8,79.1,86.7,77.2
2025-03-01,PRD079,1866054,75.7,102.7,80.0,85.8,75.4
2025-04-01,PRD079,1868750,75.7,102.7,79.7,89.3,74.8
2025-05-01,PRD079,1737261,70.5,97.5,79.5,85.4,77.1
2025-06-01,PRD079,1880287,73.5,100.5,80.3,87.7,76.8
2025-07-01,PRD079,1904510,73.0,100.0,79.9,83.6,76.5
2025-08-01,PRD079,1788479,72.4,99.4,78.7,87.4,71.1
2025-09-01,PRD079,1781608,67.6,94.6,78.9,86.3,72.2
2025-10-01,PRD079,1940511,70.0,97.0,78.7,86.1,73.1
2025-11-01,PRD079,1895759,74.9,101.9,79.3,86.8,71.8
2025-12-01,PRD079,1785161,74.5,101.5,79.2,88.8,76.5
2025-01-01,PRD080,751107,64.4,91.4,83.1,95.9,67.7
2025-02-01,PRD080,705509,69.1,96.1,85.3,93.0,66.5
2025-03-01,PRD080,710294,66.1,93.1,81.7,92.4,66.4
2025-04-01,PRD080,728491,71.5,98.5,83.8,94.0,64.2
2025-05-01,PRD080,707148,62.2,89.2,84.0,93.8,63.4
2025-06-01,PRD080,766314,61.8,88.8,85.0,93.8,68.8
2025-07-01,PRD080,759329,62.1,89.1,84.3,94.3,66.4
2025-08-01,PRD080,751289,64.8,91.8,82.4,90.6,67.4
2025-09-01,PRD080,789443,67.7,94.7,82.0,93.5,66.2
2025-10-01,PRD080,825614,64.2,91.2,84.9,95.4,66.1
2025-11-01,PRD080,832811,62.7,89.7,82.2,90.4,65.0
2025-12-01,PRD080,757085,62.6,89.6,82.1,92.6,65.6
2025-01-01,PRD081,1108928,59.7,86.7,79.5,94.1,73.8
2025-02-01,PRD081,1097039,57.6,84.6,78.2,94.3,74.4
2025-03-01,PRD081,1115475,61.9,88.9,77.7,95.6,77.5
2025-04-01,PRD081,995792,58.1,85.1,78.1,92.8,73.8
2025-05-01,PRD081,1036643,57.4,84.4,77.0,94.6,68.5
2025-06-01,PRD081,1095410,58.7,85.7,77.0,95.0,73.7
2025-07-01,PRD081,1007851,60.8,87.8,77.5,96.0,72.6
2025-08-01,PRD081,1015997,54.4,81.4,76.6,94.8,73.7
2025-09-01,PRD081,1109420,53.8,80.8,77.2,96.6,71.8
2025-10-01,PRD081,992232,57.3,84.3,80.4,91.6,76.7
2025-11-01,PRD081,991226,55.5,82.5,77.2,93.8,76.4
2025-12-01,PRD081,998822,56.5,83.5,78.6,96.3,77.9
2025-01-01,PRD082,333937,69.3,96.3,81.7,95.2,67.4
2025-02-01,PRD082,354200,69.0,96.0,80.6,96.9,64.7
2025-03-01,PRD082,352229,71.6,98.6,79.9,94.3,61.6
2025-04-01,PRD082,327012,68.2,95.2,80.2,93.2,66.2
2025-05-01,PRD082,369091,64.1,91.1,81.7,94.7,67.6
2025-06-01,PRD082,331176,63.9,90.9,81.5,96.1,67.3
2025-07-01,PRD082,350568,64.6,91.6,80.3,95.0,70.1
2025-08-01,PRD082,333082,67.2,94.2,80.2,95.6,63.6
2025-09-01,PRD082,344964,64.7,91.7,81.4,92.9,68.1
2025-10-01,PRD082,345751,64.1,91.1,81.1,92.7,65.9
2025-11-01,PRD082,342641,62.4,89.4,82.0,93.4,64.3
2025-12-01,PRD082,343522,67.5,94.5,80.3,94.7,67.0
2025-01-01,PRD083,802768,63.1,90.1,82.1,90.8,81.0
2025-02-01,PRD083,754108,63.0,90.0,80.8,87.5,81.0
2025-03-01,PRD083,799720,69.5,96.5,83.3,91.4,77.4
2025-04-01,PRD083,774574,67.4,94.4,81.5,91.2,78.9
2025-05-01,PRD083,786878,63.3,90.3,81.5,92.2,79.1
2025-06-01,PRD083,819978,65.4,92.4,81.8,90.3,79.9
2025-07-01,PRD083,800922,63.6,90.6,84.4,92.3,77.8
2025-08-01,PRD083,819945,62.0,89.0,83.1,91.7,79.3
2025-09-01,PRD083,783592,52.7,79.7,80.6,91.6,84.1
2025-10-01,PRD083,826778,55.4,82.4,81.2,89.6,77.6
2025-11-01,PRD083,795732,63.1,90.1,81.1,90.0,80.1
2025-12-01,PRD083,778073,60.1,87.1,83.7,89.4,80.3
2025-01-01,PRD084,711733,72.1,99.1,85.0,94.5,75.1
2025-02-01,PRD084,679334,72.6,99.6,85.0,94.2,76.0
2025-03-01,PRD084,679999,69.7,96.7,84.7,92.5,80.9
2025-04-01,PRD084,700376,73.2,100.2,83.5,92.6,78.7
2025-05-01,PRD084,751302,69.3,96.3,84.6,96.3,76.4
2025-06-01,PRD084,724042,67.2,94.2,82.8,94.2,80.5
2025-07-01,PRD084,797437,71.2,98.2,82.8,92.7,79.3
2025-08-01,PRD084,787089,68.1,95.1,84.3,96.1,79.3
2025-09-01,PRD084,804858,65.0,92.0,82.2,94.0,79.8
2025-10-01,PRD084,775649,68.6,95.6,84.4,92.8,81.2
2025-11-01,PRD084,822683,68.6,95.6,84.8,94.4,81.4
2025-12-01,PRD084,792573,71.1,98.1,84.9,92.2,77.8
2025-01-01,PRD085,1310738,80.8,99.8,82.9,88.0,88.0
2025-02-01,PRD085,1316606,86.9,105.9,80.8,83.0,85.8
2025-03-01,PRD085,1250071,79.5,98.5,81.5,85.5,88.8
2025-04-01,PRD085,1341062,82.9,101.9,81.3,87.7,88.1
2025-05-01,PRD085,1238571,84.9,103.9,83.0,86.7,85.6
2025-06-01,PRD085,1205699,81.6,100.6,83.1,88.5,90.1
2025-07-01,PRD085,1227718,81.5,100.5,83.3,89.8,88.4
2025-08-01,PRD085,1192988,79.9,98.9,83.1,84.3,87.3
2025-09-01,PRD085,1323528,80.7,99.7,81.2,85.8,84.2
2025-10-01,PRD085,1356880,84.1,103.1,81.4,85.5,85.7
2025-11-01,PRD085,1304400,82.6,101.6,82.2,86.4,86.5
2025-12-01,PRD085,1273967,83.0,102.0,82.7,86.0,88.0
2025-01-01,PRD086,553401,79.6,98.6,79.9,88.2,78.6
2025-02-01,PRD086,560540,84.6,103.6,77.7,88.6,74.1
2025-03-01,PRD086,520482,86.6,105.6,81.9,90.8,78.3
2025-04-01,PRD086,505797,82.7,101.7,80.2,88.9,73.0
2025-05-01,PRD086,530514,80.4,99.4,78.2,89.4,78.9
2025-06-01,PRD086,535044,86.6,105.6,78.1,88.0,78.8
2025-07-01,PRD086,525724,83.2,102.2,79.9,88.3,76.2
2025-08-01,PRD086,568796,83.0,102.0,80.3,85.0,77.6
2025-09-01,PRD086,529490,81.4,100.4,78.3,89.4,79.8
2025-10-01,PRD086,515749,75.2,94.2,78.2,88.1,78.7
2025-11-01,PRD086,526072,76.7,95.7,76.4,88.7,75.2
2025-12-01,PRD086,534931,81.9,100.9,79.6,88.9,73.5
2025-01-01,PRD087,1020689,74.3,93.3,81.3,93.8,93.0
2025-02-01,PRD087,1068730,69.5,88.5,82.8,89.9,85.7
2025-03-01,PRD087,1012988,78.1,97.1,82.2,89.3,85.5
2025-04-01,PRD087,1010820,78.5,97.5,80.8,90.3,85.9
2025-05-01,PRD087,1074832,77.1,96.1,82.7,92.8,88.3
2025-06-01,PRD087,1111935,81.2,100.2,80.9,89.9,83.3
2025-07-01,PRD087,1068169,74.3,93.3,82.1,90.1,90.7
2025-08-01,PRD087,1111562,71.0,90.0,81.4,90.7,84.4
2025-09-01,PRD087,1033567,74.1,93.1,83.6,89.7,87.1
2025-10-01,PRD087,1142473,79.3,98.3,81.8,88.3,90.2
2025-11-01,PRD087,1053235,71.3,90.3,80.4,92.2,87.5
2025-12-01,PRD087,1158577,78.0,97.0,81.0,91.4,87.6
2025-01-01,PRD088,506911,77.4,96.4,83.7,89.3,74.2
2025-02-01,PRD088,485685,79.3,98.3,82.9,94.2,74.8
2025-03-01,PRD088,474511,76.0,95.0,82.5,93.2,74.8
2025-04-01,PRD088,466818,77.6,96.6,82.4,91.7,73.7
2025-05-01,PRD088,484403,78.3,97.3,83.4,90.9,79.5
2025-06-01,PRD088,503635,74.0,93.0,85.1,95.0,76.8
2025-07-01,PRD088,509087,75.6,94.6,83.7,92.0,75.3
2025-08-01,PRD088,504648,71.7,90.7,83.3,93.6,71.1
2025-09-01,PRD088,510160,69.7,88.7,82.0,90.9,72.2
2025-10-01,PRD088,490152,72.6,91.6,81.6,91.1,71.5
2025-11-01,PRD088,463509,74.8,93.8,84.7,90.2,68.7
2025-12-01,PRD088,486302,75.4,94.4,85.8,92.8,70.0
2025-01-01,PRD089,651500,86.8,105.8,79.9,83.7,81.4
2025-02-01,PRD089,669575,86.4,105.4,81.0,80.9,78.6
2025-03-01,PRD089,660157,87.0,106.0,82.5,82.1,78.2
2025-04-01,PRD089,664477,91.5,110.5,79.7,80.3,79.1
2025-05-01,PRD089,678991,86.9,105.9,81.1,80.3,79.5
2025-06-01,PRD089,657324,83.6,102.6,82.2,79.2,75.5
2025-07-01,PRD089,672216,91.8,110.8,79.7,78.1,82.7
2025-08-01,PRD089,680428,83.6,102.6,82.6,80.2,77.4
2025-09-01,PRD089,686550,85.8,104.8,80.6,79.0,77.5
2025-10-01,PRD089,670805,83.0,102.0,81.3,79.6,78.4
2025-11-01,PRD089,670687,88.4,107.4,80.2,77.3,82.0
2025-12-01,PRD089,743894,89.9,108.9,81.1,78.5,80.7
2025-01-01,PRD090,797849,93.4,112.4,77.4,74.6,70.3
2025-02-01,PRD090,857009,90.3,109.3,76.6,80.6,70.9
2025-03-01,PRD090,805721,92.5,111.5,77.5,76.5,69.0
2025-04-01,PRD090,857205,94.4,113.4,75.5,74.6,73.4
2025-05-01,PRD090,870130,92.1,111.1,77.9,74.2,74.7
2025-06-01,PRD090,892496,87.4,106.4,78.3,76.6,75.7
2025-07-01,PRD090,912671,87.8,106.8,75.8,74.4,74.9
2025-08-01,PRD090,868910,87.7,106.7,76.5,76.0,75.7
2025-09-01,PRD090,909647,86.8,105.8,74.4,77.8,72.3
2025-10-01,PRD090,880447,88.2,107.2,76.9,78.1,73.9
2025-11-01,PRD090,875102,95.4,114.4,77.8,75.6,73.2
2025-12-01,PRD090,947993,93.0,112.0,74.9,74.6,75.8
2025-01-01,PRD091,441956,90.3,109.3,77.2,80.7,90.0
2025-02-01,PRD091,457753,86.6,105.6,77.7,81.9,89.1
2025-03-01,PRD091,427443,89.6,108.6,77.6,78.3,87.8
2025-04-01,PRD091,448510,92.0,111.0,76.3,80.3,87.6
2025-05-01,PRD091,417718,87.6,106.6,76.6,80.9,87.7
2025-06-01,PRD091,439408,86.4,105.4,76.7,79.3,92.0
2025-07-01,PRD091,436493,83.9,102.9,75.3,81.1,85.5
2025-08-01,PRD091,451423,87.5,106.5,77.0,83.2,85.5
2025-09-01,PRD091,467316,86.9,105.9,76.2,79.7,86.9
2025-10-01,PRD091,455105,90.0,109.0,77.9,77.5,90.2
2025-11-01,PRD091,437451,87.1,106.1,75.4,80.5,85.5
2025-12-01,PRD091,457591,88.7,107.7,79.0,80.4,91.0
2025-01-01,PRD092,221845,88.6,107.6,82.6,82.2,64.2
2025-02-01,PRD092,223222,90.5,109.5,81.4,82.2,63.8
2025-03-01,PRD092,224268,87.7,106.7,82.3,83.7,68.5
2025-04-01,PRD092,215738,89.3,108.3,83.0,81.9,67.4
2025-05-01,PRD092,233392,90.0,109.0,82.0,82.1,64.4
2025-06-01,PRD092,236876,88.3,107.3,82.3,82.3,64.0
2025-07-01,PRD092,247994,85.8,104.8,82.6,82.1,65.7
2025-08-01,PRD092,235628,83.5,102.5,78.1,85.3,63.3
2025-09-01,PRD092,247620,84.4,103.4,81.0,81.3,67.9
2025-10-01,PRD092,255845,87.0,106.0,78.9,82.4,67.1
2025-11-01,PRD092,258583,81.9,100.9,79.8,83.8,67.1
2025-12-01,PRD092,240775,90.3,109.3,82.6,80.1,68.1
2025-01-01,PRD093,724224,76.9,95.9,81.0,92.2,75.2
2025-02-01,PRD093,734787,74.2,93.2,81.8,93.1,76.0
2025-03-01,PRD093,738738,78.3,97.3,81.1,93.3,79.2
2025-04-01,PRD093,712267,78.1,97.1,80.9,95.7,81.2
2025-05-01,PRD093,731696,74.5,93.5,80.9,91.1,74.9
2025-06-01,PRD093,701893,74.5,93.5,82.0,92.8,78.3
2025-07-01,PRD093,743287,76.9,95.9,80.8,92.2,75.4
2025-08-01,PRD093,698604,75.4,94.4,80.4,91.2,78.9
2025-09-01,PRD093,737768,73.6,92.6,81.5,92.3,76.8
2025-10-01,PRD093,781201,76.2,95.2,82.9,91.7,73.7
2025-11-01,PRD093,789870,73.9,92.9,82.1,93.9,80.2
2025-12-01,PRD093,713396,73.6,92.6,80.5,93.8,81.5
2025-01-01,PRD094,151801,77.8,96.8,82.6,92.9,73.8
2025-02-01,PRD094,146949,76.0,95.0,82.7,89.9,78.6
2025-03-01,PRD094,141480,82.0,101.0,81.0,88.5,74.4
2025-04-01,PRD094,138919,86.5,105.5,80.4,90.0,74.0
2025-05-01,PRD094,152164,83.5,102.5,83.6,91.7,79.7
2025-06-01,PRD094,155513,72.6,91.6,82.8,92.7,76.6
2025-07-01,PRD094,155358,79.5,98.5,81.7,91.5,73.0
2025-08-01,PRD094,144191,82.4,101.4,81.8,90.9,81.1
2025-09-01,PRD094,145016,76.2,95.2,81.8,90.1,78.6
2025-10-01,PRD094,155911,69.3,88.3,81.2,89.4,74.7
2025-11-01,PRD094,151022,74.4,93.4,83.5,90.2,81.3
2025-12-01,PRD094,153778,76.3,95.3,81.0,90.4,78.0
2025-01-01,PRD095,516861,80.1,99.1,89.1,90.6,81.8
2025-02-01,PRD095,517250,86.9,105.9,90.4,91.5,76.1
2025-03-01,PRD095,546203,80.8,99.8,89.0,93.9,82.3
2025-04-01,PRD095,532659,78.6,97.6,88.9,89.5,77.0
2025-05-01,PRD095,574518,79.6,98.6,88.7,90.5,81.8
2025-06-01,PRD095,609747,82.8,101.8,87.3,90.7,79.4
2025-07-01,PRD095,574752,78.5,97.5,87.8,92.6,81.1
2025-08-01,PRD095,576771,77.1,96.1,87.7,89.0,81.2
2025-09-01,PRD095,593114,75.3,94.3,86.1,90.5,80.7
2025-10-01,PRD095,588196,76.9,95.9,88.5,89.8,80.7
2025-11-01,PRD095,621808,80.5,99.5,89.8,95.3,76.5
2025-12-01,PRD095,633780,79.0,98.0,90.1,91.4,82.0
2025-01-01,PRD096,144713,84.7,103.7,81.0,86.9,73.1
2025-02-01,PRD096,158614,90.0,109.0,80.2,86.2,71.1
2025-03-01,PRD096,146458,85.2,104.2,80.4,87.2,74.9
2025-04-01,PRD096,160133,83.3,102.3,79.8,85.9,69.8
2025-05-01,PRD096,147603,83.6,102.6,79.6,84.9,73.9
2025-06-01,PRD096,160573,85.5,104.5,81.4,86.7,76.3
2025-07-01,PRD096,157596,81.1,100.1,80.2,85.7,75.9
2025-08-01,PRD096,167628,83.3,102.3,81.6,86.5,73.6
2025-09-01,PRD096,165176,81.0,100.0,80.6,87.0,75.2
2025-10-01,PRD096,167918,78.3,97.3,82.5,87.3,76.2
2025-11-01,PRD096,156650,81.6,100.6,81.8,89.3,70.4
2025-12-01,PRD096,164058,87.8,106.8,82.8,87.8,76.5
